<?xml version="1.0"?>
<!--
 Licensed to the Apache Software Foundation (ASF) under one or more
 contributor license agreements.  See the NOTICE file distributed with
 this work for additional information regarding copyright ownership.
 The ASF licenses this file to You under the Apache License, Version 2.0
 (the "License"); you may not use this file except in compliance with
 the License.  You may obtain a copy of the License at

      http://www.apache.org/licenses/LICENSE-2.0

 Unless required by applicable law or agreed to in writing, software
 distributed under the License is distributed on an "AS IS" BASIS,
 WITHOUT WARRANTIES OR CONDITIONS OF ANY KIND, either express or implied.
 See the License for the specific language governing permissions and
 limitations under the License.
-->

<!--
This file is used by the maven-changes-plugin to generate the release notes.
Useful ways of finding items to add to this file are:

1.  Add items when you fix a bug or add a feature (this makes the 
release process easy :-).

2.  Do a Jira search for tickets closed since the previous release.

3.  Use the report generated by the maven-changelog-plugin to see all
CVS commits.  Set the project.properties' maven.changelog.range 
property to the number of days since the last release.


The <action> type attribute can be add,update,fix,remove.
-->

<document>
  <properties>
    <title>Release Notes</title>
  </properties>

  <body>
    <release version="1.4" date="Not yet released">
    </release>

    <release version="1.3.2" date="2007-Jul-02">
      <action dev="jochen" type="fix" issue="IO-115">
        Some tests, which are implicitly assuming a Unix-like file
        system, are now skipped on Windows.
      </action>
      <action dev="jochen" type="fix" issue="IO-116">
        Created the FileCleaningTracker, basically a non-static
        version of the FileCleaner, which can be controlled by
        the user.
      </action>
      <action dev="bayard" type="fix" issue="IO-117" due-to="Hiroshi Ikeda">
        EndianUtils - both readSwappedUnsignedInteger(...) methods could
        return negative numbers due to int/long casting.
      </action>
    </release>
  </body>
</document>
